{
  "AboutPage-1" : {
    "transaction" : "AboutPage-1",
    "sampleCount" : 20,
    "errorCount" : 0,
    "errorPct" : 0.0,
    "meanResTime" : 48.95,
    "minResTime" : 34.0,
    "maxResTime" : 145.0,
    "pct1ResTime" : 65.9,
    "pct2ResTime" : 141.04999999999995,
    "pct3ResTime" : 145.0,
    "throughput" : 60.79027355623101,
    "receivedKBytesPerSec" : 26.23955167173252,
    "sentKBytesPerSec" : 7.420687689969604
  },
  "ContactsPage" : {
    "transaction" : "ContactsPage",
    "sampleCount" : 20,
    "errorCount" : 0,
    "errorPct" : 0.0,
    "meanResTime" : 2260.3,
    "minResTime" : 1998.0,
    "maxResTime" : 2489.0,
    "pct1ResTime" : 2329.2000000000003,
    "pct2ResTime" : 2481.2,
    "pct3ResTime" : 2489.0,
    "throughput" : 7.949125596184419,
    "receivedKBytesPerSec" : 302.1269344942369,
    "sentKBytesPerSec" : 2.96539646263911
  },
  "HomePage" : {
    "transaction" : "HomePage",
    "sampleCount" : 19,
    "errorCount" : 0,
    "errorPct" : 0.0,
    "meanResTime" : 659.9473684210527,
    "minResTime" : 366.0,
    "maxResTime" : 1008.0,
    "pct1ResTime" : 992.0,
    "pct2ResTime" : 1008.0,
    "pct3ResTime" : 1008.0,
    "throughput" : 16.681299385425813,
    "receivedKBytesPerSec" : 1677.7575244183495,
    "sentKBytesPerSec" : 3.844518217734855
  },
  "AboutPage-2" : {
    "transaction" : "AboutPage-2",
    "sampleCount" : 20,
    "errorCount" : 0,
    "errorPct" : 0.0,
    "meanResTime" : 70.49999999999997,
    "minResTime" : 39.0,
    "maxResTime" : 130.0,
    "pct1ResTime" : 86.80000000000001,
    "pct2ResTime" : 127.84999999999997,
    "pct3ResTime" : 130.0,
    "throughput" : 55.40166204986149,
    "receivedKBytesPerSec" : 1781.239179362881,
    "sentKBytesPerSec" : 6.817001385041552
  },
  "HomePage-0" : {
    "transaction" : "HomePage-0",
    "sampleCount" : 20,
    "errorCount" : 0,
    "errorPct" : 0.0,
    "meanResTime" : 88.25,
    "minResTime" : 67.0,
    "maxResTime" : 135.0,
    "pct1ResTime" : 134.9,
    "pct2ResTime" : 135.0,
    "pct3ResTime" : 135.0,
    "throughput" : 23.52941176470588,
    "receivedKBytesPerSec" : 11.006433823529411,
    "sentKBytesPerSec" : 2.7113970588235294
  },
  "HomePage-1" : {
    "transaction" : "HomePage-1",
    "sampleCount" : 20,
    "errorCount" : 0,
    "errorPct" : 0.0,
    "meanResTime" : 579.45,
    "minResTime" : 281.0,
    "maxResTime" : 868.0,
    "pct1ResTime" : 850.7,
    "pct2ResTime" : 867.3,
    "pct3ResTime" : 868.0,
    "throughput" : 20.0,
    "receivedKBytesPerSec" : 2002.1875,
    "sentKBytesPerSec" : 2.3046875
  },
  "Total" : {
    "transaction" : "Total",
    "sampleCount" : 219,
    "errorCount" : 0,
    "errorPct" : 0.0,
    "meanResTime" : 560.2785388127853,
    "minResTime" : 34.0,
    "maxResTime" : 2489.0,
    "pct1ResTime" : 1208.0,
    "pct2ResTime" : 2269.0,
    "pct3ResTime" : 2325.4000000000005,
    "throughput" : 60.26417171161255,
    "receivedKBytesPerSec" : 1861.1332962128508,
    "sentKBytesPerSec" : 10.621259287286737
  },
  "ContactsPage-0" : {
    "transaction" : "ContactsPage-0",
    "sampleCount" : 20,
    "errorCount" : 0,
    "errorPct" : 0.0,
    "meanResTime" : 902.45,
    "minResTime" : 483.0,
    "maxResTime" : 1380.0,
    "pct1ResTime" : 1205.7,
    "pct2ResTime" : 1371.3999999999999,
    "pct3ResTime" : 1380.0,
    "throughput" : 14.214641080312722,
    "receivedKBytesPerSec" : 6.71863894811656,
    "sentKBytesPerSec" : 1.7629486496090974
  },
  "AboutPage" : {
    "transaction" : "AboutPage",
    "sampleCount" : 20,
    "errorCount" : 0,
    "errorPct" : 0.0,
    "meanResTime" : 160.40000000000003,
    "minResTime" : 137.0,
    "maxResTime" : 268.0,
    "pct1ResTime" : 210.10000000000008,
    "pct2ResTime" : 265.29999999999995,
    "pct3ResTime" : 268.0,
    "throughput" : 45.146726862302486,
    "receivedKBytesPerSec" : 1490.4592268623026,
    "sentKBytesPerSec" : 16.577313769751694
  },
  "ContactsPage-1" : {
    "transaction" : "ContactsPage-1",
    "sampleCount" : 20,
    "errorCount" : 0,
    "errorPct" : 0.0,
    "meanResTime" : 520.3,
    "minResTime" : 382.0,
    "maxResTime" : 609.0,
    "pct1ResTime" : 604.7,
    "pct2ResTime" : 608.8,
    "pct3ResTime" : 609.0,
    "throughput" : 18.281535648994517,
    "receivedKBytesPerSec" : 8.658735146252285,
    "sentKBytesPerSec" : 2.267338893967093
  },
  "ContactsPage-2" : {
    "transaction" : "ContactsPage-2",
    "sampleCount" : 20,
    "errorCount" : 0,
    "errorPct" : 0.0,
    "meanResTime" : 836.9,
    "minResTime" : 621.0,
    "maxResTime" : 1125.0,
    "pct1ResTime" : 1080.6,
    "pct2ResTime" : 1122.8,
    "pct3ResTime" : 1125.0,
    "throughput" : 14.792899408284024,
    "receivedKBytesPerSec" : 548.243776580991,
    "sentKBytesPerSec" : 1.8491124260355027
  },
  "AboutPage-0" : {
    "transaction" : "AboutPage-0",
    "sampleCount" : 20,
    "errorCount" : 0,
    "errorPct" : 0.0,
    "meanResTime" : 40.6,
    "minResTime" : 34.0,
    "maxResTime" : 58.0,
    "pct1ResTime" : 47.0,
    "pct2ResTime" : 57.44999999999999,
    "pct3ResTime" : 58.0,
    "throughput" : 90.09009009009009,
    "receivedKBytesPerSec" : 38.798564189189186,
    "sentKBytesPerSec" : 10.99732545045045
  }
}